[{"submission_type":"init_test","datetime":"2016-08-22T20:07:44+0900","sim_operator_code":"44020","schedule_config_version":"1.0","enterprise_id":"FCC_Public","app_version_name":"1.122","timestamp":1471864064,"app_version_code":222,"timezone":"9","tests":[],"metrics":[{"os_type":"android","timestamp":1471864054,"os_version":22,"manufacturer":"HUAWEI","datetime":"2016-08-22T20:07:34+0900","type":"phone_identity","model":"KIW-L24"},{"network_operator_name":"SoftBank","roaming":false,"phone_type_code":1,"connected":true,"active_network_type_code":1,"active_network_type":"WIFI","timestamp":1471864054,"network_type_code":3,"network_type":"UMTS","datetime":"2016-08-22T20:07:34+0900","sim_operator_code":"44020","network_operator_code":"44020","sim_operator_name":"SoftBank","phone_type":"GSM","type":"network_data"},{"umts_psc":40,"timestamp":1471864054,"location_area_code":10756,"cell_tower_id":74121140,"signal_strength":9,"datetime":"2016-08-22T20:07:34+0900","type":"gsm_cell_location"},{"network_operator_name":"SoftBank","roaming":false,"phone_type_code":1,"connected":true,"active_network_type_code":1,"active_network_type":"WIFI","timestamp":1471864064,"network_type_code":3,"network_type":"UMTS","datetime":"2016-08-22T20:07:44+0900","sim_operator_code":"44020","network_operator_code":"44020","sim_operator_name":"SoftBank","phone_type":"GSM","type":"network_data"},{"umts_psc":40,"timestamp":1471864064,"location_area_code":10756,"cell_tower_id":74121140,"signal_strength":7,"datetime":"2016-08-22T20:07:44+0900","type":"gsm_cell_location"}],"conditions":[]}]