[{"submission_type":"manual_test","datetime":"2016-08-22T20:08:50+0900","sim_operator_code":"44020","schedule_config_version":"1.0","enterprise_id":"FCC_Public","app_version_name":"1.122","timestamp":1471864130,"app_version_code":222,"timezone":"9","requested_tests":["","JHTTPGETMT","JHTTPPOSTMT","JUDPLATENCY"],"tests":[{"timestamp":1471864077,"ip_closest_target":"4.59.113.190","closest_target":"samknows1.dal1.level3.net","datetime":"2016-08-22T20:07:57+0900","type":"CLOSESTTARGET","success":true},{"bytes_sec":2559160,"target_ipaddress":"4.59.113.190","transfer_bytes":18354368,"transfer_time":7172027,"datetime":"2016-08-22T20:08:06+0900","warmup_time":1444738,"target":"samknows1.dal1.level3.net","timestamp":1471864086,"warmup_bytes":2628600,"type":"JHTTPGETMT","number_of_threads":3,"success":true},{"bytes_sec":2940769,"target_ipaddress":"4.59.113.190","transfer_bytes":20243456,"transfer_time":6883728,"datetime":"2016-08-22T20:08:18+0900","warmup_time":5004625,"target":"samknows1.dal1.level3.net","timestamp":1471864098,"warmup_bytes":729600,"type":"JHTTPPOSTMT","number_of_threads":3,"success":true},{"rtt_max":390096,"lost_packets":0,"rtt_avg":155937,"target_ipaddress":"4.59.113.190","datetime":"2016-08-22T20:08:49+0900","rtt_stddev":55334,"rtt_min":136160,"target":"samknows1.dal1.level3.net","timestamp":1471864129,"type":"JUDPLATENCY","received_packets":59,"success":true}],"metrics":[{"os_type":"android","timestamp":1471864071,"os_version":22,"manufacturer":"HUAWEI","datetime":"2016-08-22T20:07:51+0900","type":"phone_identity","model":"KIW-L24"},{"network_operator_name":"SoftBank","roaming":false,"phone_type_code":1,"connected":true,"active_network_type_code":1,"active_network_type":"WIFI","timestamp":1471864071,"network_type_code":3,"network_type":"UMTS","datetime":"2016-08-22T20:07:51+0900","sim_operator_code":"44020","network_operator_code":"44020","sim_operator_name":"SoftBank","phone_type":"GSM","type":"network_data"},{"umts_psc":40,"timestamp":1471864071,"location_area_code":10756,"cell_tower_id":74121140,"signal_strength":8,"datetime":"2016-08-22T20:07:51+0900","type":"gsm_cell_location"},{"network_operator_name":"SoftBank","roaming":false,"phone_type_code":1,"connected":true,"active_network_type_code":1,"active_network_type":"WIFI","timestamp":1471864129,"network_type_code":3,"network_type":"UMTS","datetime":"2016-08-22T20:08:49+0900","sim_operator_code":"44020","network_operator_code":"44020","sim_operator_name":"SoftBank","phone_type":"GSM","type":"network_data"},{"umts_psc":40,"timestamp":1471864130,"location_area_code":10756,"cell_tower_id":74121140,"signal_strength":8,"datetime":"2016-08-22T20:08:50+0900","type":"gsm_cell_location"},{"app_rx_bytes":22202119,"datetime":"2016-08-22T20:08:50+0900","total_rx_bytes":27012446,"mobile_rx_bytes":0,"mobile_tx_bytes":0,"app_tx_bytes":22207114,"timestamp":1471864130,"total_tx_bytes":22377700,"duration":65652000,"type":"net_usage"},{"network_operator_name":"SoftBank","roaming":false,"phone_type_code":1,"connected":true,"active_network_type_code":1,"active_network_type":"WIFI","timestamp":1471864077,"network_type_code":3,"network_type":"UMTS","datetime":"2016-08-22T20:07:57+0900","sim_operator_code":"44020","network_operator_code":"44020","sim_operator_name":"SoftBank","phone_type":"GSM","type":"network_data"},{"network_operator_name":"SoftBank","roaming":false,"phone_type_code":1,"connected":true,"active_network_type_code":1,"active_network_type":"WIFI","timestamp":1471864086,"network_type_code":3,"network_type":"UMTS","datetime":"2016-08-22T20:08:06+0900","sim_operator_code":"44020","network_operator_code":"44020","sim_operator_name":"SoftBank","phone_type":"GSM","type":"network_data"},{"network_operator_name":"SoftBank","roaming":false,"phone_type_code":1,"connected":true,"active_network_type_code":1,"active_network_type":"WIFI","timestamp":1471864098,"network_type_code":3,"network_type":"UMTS","datetime":"2016-08-22T20:08:18+0900","sim_operator_code":"44020","network_operator_code":"44020","sim_operator_name":"SoftBank","phone_type":"GSM","type":"network_data"},{"network_operator_name":"SoftBank","roaming":false,"phone_type_code":1,"connected":true,"active_network_type_code":1,"active_network_type":"WIFI","timestamp":1471864129,"network_type_code":3,"network_type":"UMTS","datetime":"2016-08-22T20:08:49+0900","sim_operator_code":"44020","network_operator_code":"44020","sim_operator_name":"SoftBank","phone_type":"GSM","type":"network_data"}],"conditions":[]}]