[{"submission_type":"init_test","datetime":"2016-09-03T01:24:32-0400","sim_operator_code":"310260","schedule_config_version":"1.0","enterprise_id":"FCC_Public","app_version_name":"1.122","timestamp":1472880272,"app_version_code":222,"timezone":"-4","tests":[],"metrics":[{"os_type":"android","timestamp":1472880261,"os_version":23,"manufacturer":"HUAWEI","datetime":"2016-09-03T01:24:21-0400","type":"phone_identity","model":"KIW-L24"},{"network_operator_name":"T-Mobile","roaming":false,"phone_type_code":1,"connected":true,"active_network_type_code":1,"active_network_type":"WIFI","timestamp":1472880261,"network_type_code":13,"network_type":"LTE","datetime":"2016-09-03T01:24:21-0400","sim_operator_code":"310260","network_operator_code":"310260","sim_operator_name":"","phone_type":"GSM","type":"network_data"},{"umts_psc":-1,"timestamp":1472880261,"location_area_code":20232,"cell_tower_id":10259714,"signal_strength":-1,"datetime":"2016-09-03T01:24:21-0400","type":"gsm_cell_location"},{"network_operator_name":"T-Mobile","roaming":false,"phone_type_code":1,"connected":true,"active_network_type_code":1,"active_network_type":"WIFI","timestamp":1472880272,"network_type_code":13,"network_type":"LTE","datetime":"2016-09-03T01:24:32-0400","sim_operator_code":"310260","network_operator_code":"310260","sim_operator_name":"","phone_type":"GSM","type":"network_data"},{"umts_psc":-1,"timestamp":1472880272,"location_area_code":20232,"cell_tower_id":10259714,"signal_strength":-1,"datetime":"2016-09-03T01:24:32-0400","type":"gsm_cell_location"},{"app_rx_bytes":-22202119,"datetime":"2016-09-03T01:24:32-0400","total_rx_bytes":-4403033484,"mobile_rx_bytes":0,"mobile_tx_bytes":0,"app_tx_bytes":-22207114,"timestamp":1472880272,"total_tx_bytes":-4712708703,"duration":1016142211000,"type":"net_usage"},{"datetime":"2016-09-03T01:24:26-0400","longitude":-77.13247776031494,"latitude":38.79138886928558,"location_type":"gps","timestamp":1472880266,"accuracy":23,"type":"location","provider_status":"available"}],"conditions":[]}]