[{"submission_type":"manual_test","datetime":"2016-09-21T11:11:10-0400","sim_operator_code":"310260","schedule_config_version":"1.0","enterprise_id":"FCC_Public","app_version_name":"1.122","timestamp":1474470670,"app_version_code":222,"timezone":"-4","requested_tests":["","JHTTPGETMT","JHTTPPOSTMT","JUDPLATENCY"],"tests":[{"timestamp":1474470609,"ip_closest_target":"4.53.112.254","closest_target":"samknows1.wdc4.level3.net","datetime":"2016-09-21T11:10:09-0400","type":"CLOSESTTARGET","success":true},{"bytes_sec":2243531,"target_ipaddress":"4.53.112.254","transfer_bytes":18468384,"transfer_time":8231837,"datetime":"2016-09-21T11:10:19-0400","warmup_time":1299967,"target":"samknows1.wdc4.level3.net","timestamp":1474470619,"warmup_bytes":2645528,"type":"JHTTPGETMT","number_of_threads":3,"success":true},{"bytes_sec":848256,"target_ipaddress":"4.53.112.254","transfer_bytes":13065216,"transfer_time":15402430,"datetime":"2016-09-21T11:10:39-0400","warmup_time":5009960,"target":"samknows1.wdc4.level3.net","timestamp":1474470639,"warmup_bytes":728064,"type":"JHTTPPOSTMT","number_of_threads":3,"success":true},{"rtt_max":309295,"lost_packets":0,"rtt_avg":63523,"target_ipaddress":"4.53.112.254","datetime":"2016-09-21T11:11:10-0400","rtt_stddev":33334,"rtt_min":34303,"target":"samknows1.wdc4.level3.net","timestamp":1474470670,"type":"JUDPLATENCY","received_packets":60,"success":true}],"metrics":[{"os_type":"android","timestamp":1474470604,"os_version":23,"manufacturer":"HUAWEI","datetime":"2016-09-21T11:10:04-0400","type":"phone_identity","model":"KIW-L24"},{"network_operator_name":"T-Mobile","roaming":false,"phone_type_code":1,"connected":true,"active_network_type_code":0,"active_network_type":"MOBILE","timestamp":1474470604,"network_type_code":13,"network_type":"LTE","datetime":"2016-09-21T11:10:04-0400","sim_operator_code":"310260","network_operator_code":"310260","sim_operator_name":"","phone_type":"GSM","type":"network_data"},{"umts_psc":-1,"timestamp":1474470604,"location_area_code":20234,"cell_tower_id":11582209,"signal_strength":-1,"datetime":"2016-09-21T11:10:04-0400","type":"gsm_cell_location"},{"network_operator_name":"T-Mobile","roaming":false,"phone_type_code":1,"connected":true,"active_network_type_code":0,"active_network_type":"MOBILE","timestamp":1474470670,"network_type_code":13,"network_type":"LTE","datetime":"2016-09-21T11:11:10-0400","sim_operator_code":"310260","network_operator_code":"310260","sim_operator_name":"","phone_type":"GSM","type":"network_data"},{"umts_psc":-1,"timestamp":1474470670,"location_area_code":20234,"cell_tower_id":11582209,"signal_strength":-1,"datetime":"2016-09-21T11:11:10-0400","type":"gsm_cell_location"},{"app_rx_bytes":22377006,"datetime":"2016-09-21T11:11:10-0400","total_rx_bytes":1117542170,"mobile_rx_bytes":700112021,"mobile_tx_bytes":144375386,"app_tx_bytes":15006446,"timestamp":1474470670,"total_tx_bytes":198812124,"duration":630387126000,"type":"net_usage"},{"datetime":"2016-09-21T11:10:09-0400","longitude":-77.07549077,"latitude":38.79405056,"location_type":"gps","timestamp":1474470609,"accuracy":28,"type":"location","provider_status":"available"},{"network_operator_name":"T-Mobile","roaming":false,"phone_type_code":1,"connected":true,"active_network_type_code":0,"active_network_type":"MOBILE","timestamp":1474470609,"network_type_code":13,"network_type":"LTE","datetime":"2016-09-21T11:10:09-0400","sim_operator_code":"310260","network_operator_code":"310260","sim_operator_name":"","phone_type":"GSM","type":"network_data"},{"datetime":"2016-09-21T11:10:19-0400","longitude":-77.07549077,"latitude":38.79405056,"location_type":"gps","timestamp":1474470619,"accuracy":28,"type":"location","provider_status":"available"},{"network_operator_name":"T-Mobile","roaming":false,"phone_type_code":1,"connected":true,"active_network_type_code":0,"active_network_type":"MOBILE","timestamp":1474470619,"network_type_code":13,"network_type":"LTE","datetime":"2016-09-21T11:10:19-0400","sim_operator_code":"310260","network_operator_code":"310260","sim_operator_name":"","phone_type":"GSM","type":"network_data"},{"datetime":"2016-09-21T11:10:39-0400","longitude":-77.07549077,"latitude":38.79405056,"location_type":"gps","timestamp":1474470639,"accuracy":28,"type":"location","provider_status":"available"},{"network_operator_name":"T-Mobile","roaming":false,"phone_type_code":1,"connected":true,"active_network_type_code":0,"active_network_type":"MOBILE","timestamp":1474470639,"network_type_code":13,"network_type":"LTE","datetime":"2016-09-21T11:10:39-0400","sim_operator_code":"310260","network_operator_code":"310260","sim_operator_name":"","phone_type":"GSM","type":"network_data"},{"datetime":"2016-09-21T11:11:10-0400","longitude":-77.07549077,"latitude":38.79405056,"location_type":"gps","timestamp":1474470670,"accuracy":28,"type":"location","provider_status":"available"},{"network_operator_name":"T-Mobile","roaming":false,"phone_type_code":1,"connected":true,"active_network_type_code":0,"active_network_type":"MOBILE","timestamp":1474470670,"network_type_code":13,"network_type":"LTE","datetime":"2016-09-21T11:11:10-0400","sim_operator_code":"310260","network_operator_code":"310260","sim_operator_name":"","phone_type":"GSM","type":"network_data"}],"conditions":[]}]